product_title,price,quantity_sold,rating
Kootion u209 32gb 64gb 128gb usb tipo-c flash drive pen drive usb a + usb c otg pendrive para android computador portátil,R$8.09,"1,000+  ",4.7
O flash de suer mini usb conduz a movimentação preta da pena da capacidade real de 128gb 64gb livra o metal pendrive 32gb 16gb 8gb da vara da memória dos presentes chain,R$4.99,181  ,4.4
Pen drive usb de alta velocidade 2.0 mini flash pendrive 128gb 64gb 32 16gb 8gb cle usb 2.0 vara pen drive 64gb 128gb frete grátis,R$5.79,600+  ,4.5
64gb prata por atacado memória vara 32gb capacidade real pendrive 16gb movimentação flash usb 128gb capacidade real do metal da pata do urso,R$4.99,28  ,5.0
Usb flash drive 3.0 de alta velocidade de 128gb 64gb 32gb 16gb 8gb cle 3.0 usb flash pendrive 128gb 64gb 32gb 16gb 8gb pen drive pen drive 3.0 stick,R$21.39,"10,000+  ",4.6
MOVESPEED USB 3.2 Pendrive 520 MB/s Alta Velocidade Solid State USB Tipo C Flash Drive 1TB 512GB 256GB 128GB USB Pen Drive USB Flash,R$105.48,76  ,5.0
Disco de memória original de sdcz50 das movimentações da pena de sandisk para o computador portátil pendrive 2.0 gb 64gb 32gb da lâmina do cruzador da movimentação do flash de sandisk usb 128 para o computador portátil,R$16.14,94  ,5.0
Vara genuína da memória 32gb 4 gb do flash de usb do metal drive128gb 64 gb 8gb vara 16gb da pena do pendrive 100% gb de alunx mini pendrive 128gb,R$6.71,117  ,4.8
3.0 high-speed USB drive 128GB GB GB 16 32 64GB 64 8GB Memory Stick Pendrive 128GB 3.0 gb USB flash drive 64GB Pen Drive Presente,R$21.24,500+  ,4.7
Vara do flash de usb da capacidade real da vara 16gb 8gb da memória vara do usb da movimentação 64gb 32 gb usbflash da pena do metal de 10 pces mini,R$105.24,132  ,4.9
50 pçs/lote livre logotipo personalizado metal pendrive 2gb 1gb presentes de negócios usb 2.0 flash drive 128mb 512mb 4gb publicidade vara memória,R$263.67,326  ,4.9
Disco de u da vara da memória de usb do ciclo 2.0 gb 128gb para o computador da tevê o flash de pendrive 64gb usb conduz a movimentação da pena 256gb 512gb,R$4.97,"3,000+  ",4.7
Usb flash drives 20 pçs/lote pen drive 512mb 1gb 2gb 4gb 8gb 16gb pendrive vara de memória 32gb 64gb 128gb usb vara livre logotipo personalizado,R$107.49,40  ,5.0
50 Pçs/lote Cor USB Flash Drive free logotipo do laser 2.0 GB GB 16 8 4GB Memory Stick Pendrive 32GB 64GB 128GB Stick USB Flash Disk,R$285.9,246  ,4.8
2 em 1 TYPE-C para o Telefone Móvel USB Flash Drive GB Rotatable 64 Preto Memory Stick 32GB GB Pendrive Pen Drive 16 8GB de Disco U,R$18.44,"1,000+  ",4.4
Cute Cartoon Animal Penguin USB Flash Drives Coruja Pen Drive 32GB Fox Memory Stick 16GB Bee Pendrive 8GB Creaive Presentes para Crianças,R$8.72,30  ,4.4
10 Pçs/lote Free Logotipo USB Flash Pen Drive GB 8 4GB GB 32 16GB Pendrive À Prova D' Água 64gb Memory Stick Capacidade Real U-disk Cle Usb,R$106.6,140  ,4.7
10 pçs/lote USB 2.0 (LOGOTIPO Personalizado gratuitamente) Usb De Madeira com Caixa USB Flash Drive Pendrive 4GB 8GB GB GB 64 32 16GB Memory Stick para Presente,R$117.58,242  ,4.9
Novo usb 3.0 pen drive 2tb disco flash drive frete grátis 2tb pendrive 1tb metal tipo-c adaptador caneta drive à prova dmini água mini u disco,R$26.36,480  ,4.6
5 pçs/lote mini metal usb 2.0 flash drives 64gb logotipo personalizado presentes pen drive 32gb memory stick 100% capacidade real pendrive u disco,R$68.52,53  ,4.8
SHANDIAN Desenhos Animados USB 2.0 Bonito Mini U Disco 64GB Flash Drives 32GB Flash Memory Stick 16GB Pen Drive Pendrive 8GB Armazenamento Externo,R$9,31  ,5.0
Pen drive 128gb usb 3.0 vara do presente do telefone móvel/carro vara do usb do metal da movimentação flash do usb da vara 8gb da memória do usb do z-terno,R$6.43,50  ,5.0
Cor vermelha preta do pendrive da vara do usb 2.0 para o armazenamento externo o flash novo da movimentação 4gb 8gb 32gb da pena das movimentações 4 do usb da tendência usb2.0 de orico,R$22.07,428  ,5.0
Vara 16gb 32 8gb 4gb da movimentação 128gb da pena da movimentação do flash de usb do metal da vara 128gb 2.0 gb da memória de pendrive 64gb 256gb 512gb,R$10.62,500+  ,4.8
Sandisk flash drive ultra dupla luxe usb tipo-c sdddc4 usb3.1 pendrive 1tb 512g 256g 128g 64g metal otg telefone flash disco,R$47.71,274  ,4.9
30 pçs/lote usb 2.0 pen drive 64gb 32gb pen drive mini memória vara pendrive 4gb 8 16 disco u polegar flash disco livre logotipo presente,R$176.79,39  ,5.0
Usb 2.0 venda quente oval de madeira usb + caixa pendrive (10 pces logotipo personalizado livre) usb 4gb 8gb 16gb 32gb 64gb usb flash drive,R$4.97,500+  ,4.8
Chave de couro giratória do couro da vara da memória da movimentação 3.1 gb k133 do flash de usb da movimentação 256gb da pena da vara de kodak original usb pendrive 256gb,R$78.56,22  ,5.0
Multifuncional OTG Smartphones Pen Drive Capacidade Real USB Flash Drives Logotipo Personalizado Grátis Memory Stick Pendrive 64GB/32GB/16GB,R$4.97,266  ,4.6
Movimentação 128gb 64gb minúscula da movimentação do flash de u da vara da memória da movimentação do flash 16gb 32gb pendrive usb2.0,R$11.4,73  ,5.0
Disco de armazenamento maioria do presente de pendrive 100% mb 32gb 16gb 4gb pendrive criativo 2.0 da memória da movimentação 128 do flash de usb da capacidade para o casamento/negócio,R$11.04,221  ,4.9
Nova pen drive 2tb de alta velocidade usb 3.0 flash drive 2tb pendrive 2 em 1 adpater u disco 2tb à prova dwaterproof água mini flash drive melhor presente,R$26.68,600+  ,4.6
Movimentação apta da pena do carro 64gb 32gb para o disco de u da tevê de loptop o mini pendrive usb2.0 da movimentação do flash de usb cz33 do cruzer de sandisk,R$38.47,4  ,5.0
Movimentação de alta velocidade 3.0 gb 64gb 32gb da pena da vara 128 de kootion u202 mini usb drives flash chave 3 0 da memória do ciclo de pendrive usb para o macbook do pc,R$44.17,184  ,4.8
"TECHKEY-Pendrive USB 64GB, 32GB, 16GB, 8GB e 4GB, flash drive à prova d'água, memória u disk, prata, novo, presente",R$13.39,"2,000+  ",4.7
Vara original 32gb 64gb 128g 256g mini disco de memória da movimentação do flash sdcz430 usb3.1 pendrive u da movimentação original da pena de sdcz430 de sandisk,R$30.83,49  ,4.6
Usb flash drive mini 2.0 de alta velocidade de 128gb 64gb 32gb 16gb 8gb cle usb 2.0 flash pendrive 32gb 64gb 128gb pen drive 2.0 stick,R$17.57,442  ,4.9
Disco impermeável do metal u do landyard do couro da vara da memória do pendrive de kodak usb 2.0 pen drive h2testw 32gb 64gb 128gb,R$26.47,"1,000+  ",4.8
NOVO usb flash drive 2TB pen drive pendrive флешка metal u disco memória cel usb 2TB stick presente para o telefone/PC/Carro/TV logotipo livre,R$25.89,439  ,4.6
Tipo c 2 de kodak k273 em 1 otg metal usb pen drive 64gb 128gb 256gb usb vara pendrive ciclo otg usb flash livre shippin,R$74.27,121  ,5.0
O flash de orico usb 3.0 100 mb/s conduz o tipo c 256gb 128gb da movimentação da pena do couro do metal da pena da forma do carro 64gb 32gb usb pendrive,R$73.67,89  ,5.0
2023 Nova Alta Velocidade Memoria Flash Drives Pendrive 64GB 32 À Prova D' Água Pen Drive USB 3.0 Flash USB de Metal Vara Chave U Disco memória,R$4.97,99  ,5.0
Novo usb pendrive 2.0 128gb 64gb 32 16gb 8gb metal 2.0 pen drive pen drive usb drive 2.0 de alta velocidade 64gb 128gb frete grátis,R$36.2,14  ,5.0
Movimentação 128gb do flash de kodak otg usb tipo c pendrive k243c usb3.1 64gb 132gb 2 em 1 pátio terrestre do u-disco para o portátil do smartphone das chaves,R$30.23,205  ,4.8
Pen drive 32 64 3.0 16 gb pen drive usb pen drive disco na memória chave pendrive usb 128 pendrive 256gb 64gb 64gb 128gb,R$19.99,12  ,4.5
Pendrive de pequena capacidade 2 conjuntos de 2gb de memória usb flash drive 2gb 2.0 pen drive usb stick de memória 2gb presente usb,R$18.46,20  ,5.0
Pen drive 16gb u disco 8gb 4gb vara da memória do presente do negócio movimentação feita sob encomenda 64gb mini pendrive 32gb da pena do metal do logotipo,R$4.97,154  ,4.7
Mini usb 3.0 usb pen drive 16gb metal pendrive à prova dpendágua pendrive usb flash memória vara,R$21.29,117  ,5.0
3.0 USB Flash Drive Pen Drive 128GB GB GB 16 32 64GB 8GB 64GB 128GB Pendrive USB Stick Flash Drive Para Android Micro/PC/Carro/TV,R$24.06,420  ,4.8
Usb flash drive usb 2.0 pen drive à prova d' água 128gb usb stick 4gb 8gb 16gb 32gb 64gb 256gb memory stick pendrive,R$15.53,259  ,4.8
"Pen drive 64gb otg tipo c usb 2.0 flash drive memória externa vara para smartphone, macbook, tablet pendriver",R$13.23,700+  ,4.8
Pen drive 64gb da movimentação 16gb 32gb da pena do flash de usb 128gb memória pendrive do flash de usb,R$10.83,500+  ,4.9
Movimentação 32gb 64gb 512 gb u da pena da vara de usb da memória de 3 em 1 otg usb pen drive usb3.0 & tipo-c & micro usb pendrive 256g 128g,R$15.27,459  ,4.7
Caneta mágica usb flash drive 128gb mini logotipo personalizado de metal pendrive 64gb 32gb presentes 2.0 usb cle usb pen drive mais de 10pcs logotipo livre,R$4.97,400  ,4.7
Sandisk extreme go cz810 256gb pendrive usb 3.2 de estado sólido flash drive 128gb até 400 mb/s original pen drive usb,R$68.1,5  ,5.0
2tb usb de alta velocidade à prova dpendágua disco flash 2 em 1 3.0 adaptador u disco 2tb pen drive 2tb,R$15.48,14  ,4.6
10 PÇS/LOTE Logotipo Personalizado Unidade USB OTG Tipo-c Telefone 32GB GB 8 16GB Multifunções 4 USB Flash Drive Pendrive USB 2.0 GB Pen Drive USB,R$8.26,137  ,4.7
O flash feito sob encomenda livre de 10 pces conduz a movimentação da pena 32gb 64gb do usb 4gb 8gb 16gb varas pendrive 128mb 256mb da memória do presente de 512mb,R$67.63,113  ,4.9
Flash de usb do anel chave da movimentação da pena do ciclo do usb da vara 2.0 gb 64gb 64gb do metal mini pendrive 16gb da movimentação do flash de usb 128,R$10.72,"5,000+  ",4.6
"Pen drive usb 3.2 gen 1., pen drive portátil de alta velocidade uv150 de 16gb, 32gb, 64gb e 128gb com disco de armazenamento para computador.",R$14.59,332  ,4.5
Cartão de Crédito Modelo USB Flash Drive 64GB Cartão de Banco Memory Stick 32GB Real Capacity Pen Drive High Speed Pendrive 16GB 8GB 4GB,R$23.83,26  ,5.0
TYPE-C pen drive usb 64gb de alta velocidade da vara memória pen drive vermelho para android telefone inteligente azul 100% capacidade real pendrive,R$24.66,15  ,5.0
100% original sandisk usb flash drive 32gb 64gb 128gb 256gb 512gb-tipo c otg usb 3.1 de memória stick de metal u disco sdddc4 pendrive,R$100.27,500+  ,4.7
Pen drive 32 64 3.0 16 gb pen drive usb pen drive disco na memória chave pendrive usb 128 pendrive 256gb 64gb 64gb 128gb,R$56.67,12  ,4.5
2 em 1 otg tipo c à movimentação da pena do flash do relâmpago usb 3.0 32gb 64gb 128gb 256g 512g memória vara usb c tipo de disco flash-c pendrive,R$21.71,50  ,4.0
50 Pçs/lote Metal USB Flash Drive Pendrive 1GB 2GB 4GB 8GB 16GB USB Sticks Pen Drive 32GB 64GB Memory Stick Free Custom LOGO,R$534.15,276  ,4.9
Unidade Flash USB 3.0 2TB unidade usb 1TB Pendrive 512G OTG TYPEC 1TB 2TB tipo-c 3.0 Stick Pen Drive 512GB Cle unidade flash usb 2TB,R$26.62,115  ,5.0
Movimentação real da pena da capacidade 32gb presentes criativos para meninas pendrive 16gb movimentação bonita do flash de usb do coelho 128gb vara bonito da memória 64gb,R$8.36,3  ,5.0
Uulash lash lash lash lash lash lash lash lash lash lash lash lash riririri64 64 64 64 64 64 64 64 64 64 64 64 64 64 64 64 lash lash lash lash 100100100100100100100100100100100100100100100100100100100100100100100lack lack lack lack lack lack lack lack lack lack lack lack lack 100100100100100100100100100100100100100100100,R$23.83,1  ,5.0
Disco rígido de backup azul vermelho 64gb 32gb do usb das movimentações do flash de usb para o pc,R$11.87,186  ,4.7
Movimentação feita sob encomenda do flash de usb 3.0 128gb movimentação do flash de usb 32g u disco 16gb usb vara 8gb movimentação do flash de usb 4gb movimentação do metal de pendrive presente da empresa,R$13.6,105  ,5.0
Unidade flash usb uv128 128gb 64gb 32gb 16gb usb 3.2 flash drive pen drive retrátil sem tampa de alta velocidade pendrive,R$14.07,500+  ,4.8
Movimentação da pena do metal da movimentação 8gb 16gb 32gb 64gb capacidade real pendrive 128gb usb 2.0 disco da vara da memória,R$4.97,20  ,4.8
Super Mini USB Flash Drives 64GB Metal U Disco Preto Memory Stick Chaveiro Livre Pen Drives Presentes Criativos Pendrive,R$20.09,"1,000+  ",4.7
Movimentação de alta velocidade da pena da vara da memória de pendrive da movimentação do flash de usb movimentação 8gb 16gb 32gb 64gb 128gb,R$18.63,21  ,5.0
Movimentação real da pena da capacidade 32gb presentes criativos para meninas pendrive 16gb movimentação bonita do flash de usb do coelho 128gb vara bonito da memória 64gb,R$8.36,3  ,5.0
Push-and-Pull 128g chave de alta velocidade USB Flash Drive Pen Drive 64GB Usb Vara Pendrive Flash Disk para Android PC/carro/TV,R$9.62,19  ,5.0
Uulash lash lash lash lash lash lash lash lash lash lash lash lash riririri64 64 64 64 64 64 64 64 64 64 64 64 64 64 64 64 lash lash lash lash 100100100100100100100100100100100100100100100100100100100100100100100lack lack lack lack lack lack lack lack lack lack lack lack lack 100100100100100100100100100100100100100100100,R$23.83,1  ,5.0
Metal otg 2 em 1 pen drive 128gb micro usb memória vara 32gb pendrive 64gb cle usb 2.0 flash drive memoria usb,R$15.9,24  ,5.0
Metal pen drive gb 8 4gb gb pendrive usb flash drive gb 64 32 16gb 128gb flash disk real capacidade cle usb 2.0 vara pendrive,R$13.02,9  ,4.5
Para iphone relâmpago ios otg flash drive memory stick tipo c pendrive tipo-c usb flash drive 16gb 32gb 64gb pen drive usb3.0,R$9.05,"1,000+  ",4.5
Push and Pull portátil USB Flash Drives 32G 64G 128G disco de memória flash Chave 64gb Pendrive USB2.0 Stick Thumb PEN,R$10.67,282  ,4.4
Movimentação de alta velocidade da pena de otg da movimentação 64g da pena do flash de usb da chave do metal 32g tipo-c 128g disco flash pendrive da vara de usb para o computador android/carro/tv USB-C,R$12.34,46  ,4.6
U & H Pendrive USB Leite Chá Pendrive Pen drive portátil com 4GB/8GB/16GB/32GB/64GB/128GB/265GB para desktops Laptops Flash Disk 2023,R$28.57,29  ,5.0
